priority,stone,guide,url,stone_demand_impr_16mo,intent_demand_impr_16mo,top_stone_query,score
P1,pyrite,meaning,/gemstones/pyrite/meaning,48102,3173,पाइराइट स्टोन किसे पहनना चाहिए,73486
P1,pyrite,how-to-cleanse,/gemstones/pyrite/how-to-cleanse,48102,886,पाइराइट स्टोन किसे पहनना चाहिए,55190
P1,pyrite,price-guide,/gemstones/pyrite/price-guide,48102,183,पाइराइट स्टोन किसे पहनना चाहिए,49566
P1,pyrite,how-to-identify,/gemstones/pyrite/how-to-identify,48102,47,पाइराइट स्टोन किसे पहनना चाहिए,48478
P1,pyrite,sleeping-with,/gemstones/pyrite/sleeping-with,48102,0,पाइराइट स्टोन किसे पहनना चाहिए,48102
P1,pyrite,combinations,/gemstones/pyrite/combinations,48102,0,पाइराइट स्टोन किसे पहनना चाहिए,48102
P1,pyrite,affirmations,/gemstones/pyrite/affirmations,48102,0,पाइराइट स्टोन किसे पहनना चाहिए,48102
P1,tortoise-ring,meaning,/gemstones/tortoise-ring/meaning,11661,447,who should not wear tortoise ring,15237
P1,amethyst,how-to-cleanse,/gemstones/amethyst/how-to-cleanse,12883,146,amethyst stone,14051
P1,amethyst,price-guide,/gemstones/amethyst/price-guide,12883,41,amethyst stone,13211
P1,amethyst,how-to-identify,/gemstones/amethyst/how-to-identify,12883,3,amethyst stone,12907
P1,amethyst,combinations,/gemstones/amethyst/combinations,12883,0,amethyst stone,12883
P1,amethyst,affirmations,/gemstones/amethyst/affirmations,12883,0,amethyst stone,12883
P1,jade,price-guide,/gemstones/jade/price-guide,11675,58,who should not wear jade,12139
P1,jade,how-to-identify,/gemstones/jade/how-to-identify,11675,5,who should not wear jade,11715
P1,jade,how-to-cleanse,/gemstones/jade/how-to-cleanse,11675,0,who should not wear jade,11675
P1,jade,sleeping-with,/gemstones/jade/sleeping-with,11675,0,who should not wear jade,11675
P1,jade,combinations,/gemstones/jade/combinations,11675,0,who should not wear jade,11675
P1,jade,affirmations,/gemstones/jade/affirmations,11675,0,who should not wear jade,11675
P1,tortoise-ring,how-to-cleanse,/gemstones/tortoise-ring/how-to-cleanse,11661,0,who should not wear tortoise ring,11661
P1,tortoise-ring,can-go-in-water,/gemstones/tortoise-ring/can-go-in-water,11661,0,who should not wear tortoise ring,11661
P1,tortoise-ring,sleeping-with,/gemstones/tortoise-ring/sleeping-with,11661,0,who should not wear tortoise ring,11661
P1,tortoise-ring,how-to-identify,/gemstones/tortoise-ring/how-to-identify,11661,0,who should not wear tortoise ring,11661
P1,tortoise-ring,price-guide,/gemstones/tortoise-ring/price-guide,11661,0,who should not wear tortoise ring,11661
P1,tortoise-ring,combinations,/gemstones/tortoise-ring/combinations,11661,0,who should not wear tortoise ring,11661
P1,tortoise-ring,affirmations,/gemstones/tortoise-ring/affirmations,11661,0,who should not wear tortoise ring,11661
P1,rose-quartz,how-to-cleanse,/gemstones/rose-quartz/how-to-cleanse,7431,413,rose quartz,10735
P1,tiger-eye,how-to-cleanse,/gemstones/tiger-eye/how-to-cleanse,10026,2,who should not wear tiger eye stone,10042
P1,tiger-eye,how-to-identify,/gemstones/tiger-eye/how-to-identify,10026,1,who should not wear tiger eye stone,10034
P1,tiger-eye,price-guide,/gemstones/tiger-eye/price-guide,10026,1,who should not wear tiger eye stone,10034
P2,tiger-eye,combinations,/gemstones/tiger-eye/combinations,10026,0,who should not wear tiger eye stone,10026
P2,tiger-eye,affirmations,/gemstones/tiger-eye/affirmations,10026,0,who should not wear tiger eye stone,10026
P2,rose-quartz,how-to-identify,/gemstones/rose-quartz/how-to-identify,7431,8,rose quartz,7495
P2,rose-quartz,price-guide,/gemstones/rose-quartz/price-guide,7431,3,rose quartz,7455
P2,rose-quartz,combinations,/gemstones/rose-quartz/combinations,7431,0,rose quartz,7431
P2,rose-quartz,affirmations,/gemstones/rose-quartz/affirmations,7431,0,rose quartz,7431
P2,garnet,meaning,/gemstones/garnet/meaning,3986,353,garnet stone side effects,6810
P2,lava-stone,price-guide,/gemstones/lava-stone/price-guide,6162,5,who should not wear lava stone,6202
P2,lava-stone,how-to-cleanse,/gemstones/lava-stone/how-to-cleanse,6162,0,who should not wear lava stone,6162
P2,lava-stone,can-go-in-water,/gemstones/lava-stone/can-go-in-water,6162,0,who should not wear lava stone,6162
P2,lava-stone,sleeping-with,/gemstones/lava-stone/sleeping-with,6162,0,who should not wear lava stone,6162
P2,lava-stone,how-to-identify,/gemstones/lava-stone/how-to-identify,6162,0,who should not wear lava stone,6162
P2,lava-stone,combinations,/gemstones/lava-stone/combinations,6162,0,who should not wear lava stone,6162
P2,lava-stone,affirmations,/gemstones/lava-stone/affirmations,6162,0,who should not wear lava stone,6162
P2,lapis-lazuli,meaning,/gemstones/lapis-lazuli/meaning,5335,18,lapis lazuli negative effects,5479
P2,lapis-lazuli,how-to-cleanse,/gemstones/lapis-lazuli/how-to-cleanse,5335,12,lapis lazuli negative effects,5431
P2,lapis-lazuli,sleeping-with,/gemstones/lapis-lazuli/sleeping-with,5335,0,lapis lazuli negative effects,5335
P2,lapis-lazuli,how-to-identify,/gemstones/lapis-lazuli/how-to-identify,5335,0,lapis lazuli negative effects,5335
P2,lapis-lazuli,price-guide,/gemstones/lapis-lazuli/price-guide,5335,0,lapis lazuli negative effects,5335
P2,lapis-lazuli,combinations,/gemstones/lapis-lazuli/combinations,5335,0,lapis lazuli negative effects,5335
P2,lapis-lazuli,affirmations,/gemstones/lapis-lazuli/affirmations,5335,0,lapis lazuli negative effects,5335
P2,black-tourmaline,who-should-not-wear,/gemstones/black-tourmaline/who-should-not-wear,3249,143,se puede dormir con turmalina negra,4393
P2,black-onyx,how-to-cleanse,/gemstones/black-onyx/how-to-cleanse,3941,28,black onyx stone side effects,4165
P2,peridot,meaning,/gemstones/peridot/meaning,3185,118,पेरिडॉट स्टोन के नुकसान,4129
P2,garnet,how-to-cleanse,/gemstones/garnet/how-to-cleanse,3986,0,garnet stone side effects,3986
P2,garnet,sleeping-with,/gemstones/garnet/sleeping-with,3986,0,garnet stone side effects,3986
P2,garnet,how-to-identify,/gemstones/garnet/how-to-identify,3986,0,garnet stone side effects,3986
P2,garnet,price-guide,/gemstones/garnet/price-guide,3986,0,garnet stone side effects,3986
P2,garnet,combinations,/gemstones/garnet/combinations,3986,0,garnet stone side effects,3986
P2,garnet,affirmations,/gemstones/garnet/affirmations,3986,0,garnet stone side effects,3986
P2,black-onyx,sleeping-with,/gemstones/black-onyx/sleeping-with,3941,0,black onyx stone side effects,3941
P2,black-onyx,how-to-identify,/gemstones/black-onyx/how-to-identify,3941,0,black onyx stone side effects,3941
P2,black-onyx,price-guide,/gemstones/black-onyx/price-guide,3941,0,black onyx stone side effects,3941
P2,black-onyx,combinations,/gemstones/black-onyx/combinations,3941,0,black onyx stone side effects,3941
P2,black-onyx,affirmations,/gemstones/black-onyx/affirmations,3941,0,black onyx stone side effects,3941
P2,aquamarine,meaning,/gemstones/aquamarine/meaning,3503,36,who should not wear aquamarine stone,3791
P2,aquamarine,how-to-cleanse,/gemstones/aquamarine/how-to-cleanse,3503,0,who should not wear aquamarine stone,3503
P2,aquamarine,sleeping-with,/gemstones/aquamarine/sleeping-with,3503,0,who should not wear aquamarine stone,3503
P2,aquamarine,how-to-identify,/gemstones/aquamarine/how-to-identify,3503,0,who should not wear aquamarine stone,3503
P2,aquamarine,price-guide,/gemstones/aquamarine/price-guide,3503,0,who should not wear aquamarine stone,3503
P2,aquamarine,combinations,/gemstones/aquamarine/combinations,3503,0,who should not wear aquamarine stone,3503
P2,aquamarine,affirmations,/gemstones/aquamarine/affirmations,3503,0,who should not wear aquamarine stone,3503
P2,black-tourmaline,how-to-cleanse,/gemstones/black-tourmaline/how-to-cleanse,3249,0,se puede dormir con turmalina negra,3249
P2,black-tourmaline,how-to-identify,/gemstones/black-tourmaline/how-to-identify,3249,0,se puede dormir con turmalina negra,3249
P2,black-tourmaline,price-guide,/gemstones/black-tourmaline/price-guide,3249,0,se puede dormir con turmalina negra,3249
P2,black-tourmaline,combinations,/gemstones/black-tourmaline/combinations,3249,0,se puede dormir con turmalina negra,3249
P2,black-tourmaline,affirmations,/gemstones/black-tourmaline/affirmations,3249,0,se puede dormir con turmalina negra,3249
P2,peridot,price-guide,/gemstones/peridot/price-guide,3185,2,पेरिडॉट स्टोन के नुकसान,3201
P2,peridot,how-to-cleanse,/gemstones/peridot/how-to-cleanse,3185,0,पेरिडॉट स्टोन के नुकसान,3185
P2,peridot,can-go-in-water,/gemstones/peridot/can-go-in-water,3185,0,पेरिडॉट स्टोन के नुकसान,3185
P2,peridot,sleeping-with,/gemstones/peridot/sleeping-with,3185,0,पेरिडॉट स्टोन के नुकसान,3185
P2,peridot,how-to-identify,/gemstones/peridot/how-to-identify,3185,0,पेरिडॉट स्टोन के नुकसान,3185
P2,peridot,combinations,/gemstones/peridot/combinations,3185,0,पेरिडॉट स्टोन के नुकसान,3185
P2,peridot,affirmations,/gemstones/peridot/affirmations,3185,0,पेरिडॉट स्टोन के नुकसान,3185
P2,turquoise,how-to-cleanse,/gemstones/turquoise/how-to-cleanse,2961,0,negative effects of turquoise stone,2961
P2,turquoise,can-go-in-water,/gemstones/turquoise/can-go-in-water,2961,0,negative effects of turquoise stone,2961
P2,turquoise,sleeping-with,/gemstones/turquoise/sleeping-with,2961,0,negative effects of turquoise stone,2961
P2,turquoise,meaning,/gemstones/turquoise/meaning,2961,0,negative effects of turquoise stone,2961
P2,turquoise,how-to-identify,/gemstones/turquoise/how-to-identify,2961,0,negative effects of turquoise stone,2961
P2,turquoise,price-guide,/gemstones/turquoise/price-guide,2961,0,negative effects of turquoise stone,2961
P2,turquoise,combinations,/gemstones/turquoise/combinations,2961,0,negative effects of turquoise stone,2961
P2,turquoise,affirmations,/gemstones/turquoise/affirmations,2961,0,negative effects of turquoise stone,2961
P2,moldavite,how-to-cleanse,/gemstones/moldavite/how-to-cleanse,1060,237,moldavite benefits,2956
P2,black-obsidian,can-go-in-water,/gemstones/black-obsidian/can-go-in-water,321,320,can black obsidian go in water,2881
P2,obsidian,how-to-cleanse,/gemstones/obsidian/how-to-cleanse,558,200,how to cleanse obsidian,2158
P2,aventurine,how-to-cleanse,/gemstones/aventurine/how-to-cleanse,1273,67,green aventurine benefits,1809
P2,larvikite,who-should-not-wear,/gemstones/larvikite/who-should-not-wear,1789,0,larvikite,1789
P2,larvikite,how-to-cleanse,/gemstones/larvikite/how-to-cleanse,1789,0,larvikite,1789
P2,larvikite,can-go-in-water,/gemstones/larvikite/can-go-in-water,1789,0,larvikite,1789
P2,larvikite,sleeping-with,/gemstones/larvikite/sleeping-with,1789,0,larvikite,1789
P3,larvikite,how-to-identify,/gemstones/larvikite/how-to-identify,1789,0,larvikite,1789
P3,larvikite,price-guide,/gemstones/larvikite/price-guide,1789,0,larvikite,1789
P3,larvikite,combinations,/gemstones/larvikite/combinations,1789,0,larvikite,1789
P3,larvikite,affirmations,/gemstones/larvikite/affirmations,1789,0,larvikite,1789
P3,diamond,how-to-identify,/gemstones/diamond/how-to-identify,177,176,kimberlite how to identify a raw diamond,1585
P3,labradorite,who-should-not-wear,/gemstones/labradorite/who-should-not-wear,1527,0,larvikite vs labradorite,1527
P3,labradorite,how-to-cleanse,/gemstones/labradorite/how-to-cleanse,1527,0,larvikite vs labradorite,1527
P3,labradorite,sleeping-with,/gemstones/labradorite/sleeping-with,1527,0,larvikite vs labradorite,1527
P3,labradorite,how-to-identify,/gemstones/labradorite/how-to-identify,1527,0,larvikite vs labradorite,1527
P3,labradorite,price-guide,/gemstones/labradorite/price-guide,1527,0,larvikite vs labradorite,1527
P3,labradorite,combinations,/gemstones/labradorite/combinations,1527,0,larvikite vs labradorite,1527
P3,labradorite,affirmations,/gemstones/labradorite/affirmations,1527,0,larvikite vs labradorite,1527
P3,cats-eye,meaning,/gemstones/cats-eye/meaning,1183,29,who should not wear cats eye stone,1415
P3,opalite,how-to-cleanse,/gemstones/opalite/how-to-cleanse,491,113,opalite,1395
P3,malachite,how-to-cleanse,/gemstones/malachite/how-to-cleanse,425,121,malachite water,1393
P3,aventurine,who-should-not-wear,/gemstones/aventurine/who-should-not-wear,1273,0,green aventurine benefits,1273
P3,aventurine,how-to-identify,/gemstones/aventurine/how-to-identify,1273,0,green aventurine benefits,1273
P3,aventurine,price-guide,/gemstones/aventurine/price-guide,1273,0,green aventurine benefits,1273
P3,aventurine,combinations,/gemstones/aventurine/combinations,1273,0,green aventurine benefits,1273
P3,aventurine,affirmations,/gemstones/aventurine/affirmations,1273,0,green aventurine benefits,1273
P3,lepidolite,how-to-cleanse,/gemstones/lepidolite/how-to-cleanse,224,129,how to cleanse lepidolite,1256
P3,cats-eye,price-guide,/gemstones/cats-eye/price-guide,1183,7,who should not wear cats eye stone,1239
P3,cats-eye,how-to-cleanse,/gemstones/cats-eye/how-to-cleanse,1183,0,who should not wear cats eye stone,1183
P3,cats-eye,can-go-in-water,/gemstones/cats-eye/can-go-in-water,1183,0,who should not wear cats eye stone,1183
P3,cats-eye,sleeping-with,/gemstones/cats-eye/sleeping-with,1183,0,who should not wear cats eye stone,1183
P3,cats-eye,how-to-identify,/gemstones/cats-eye/how-to-identify,1183,0,who should not wear cats eye stone,1183
P3,cats-eye,combinations,/gemstones/cats-eye/combinations,1183,0,who should not wear cats eye stone,1183
P3,cats-eye,affirmations,/gemstones/cats-eye/affirmations,1183,0,who should not wear cats eye stone,1183
P3,citrine,how-to-cleanse,/gemstones/citrine/how-to-cleanse,1145,0,citrine stone side effects,1145
P3,citrine,sleeping-with,/gemstones/citrine/sleeping-with,1145,0,citrine stone side effects,1145
P3,citrine,meaning,/gemstones/citrine/meaning,1145,0,citrine stone side effects,1145
P3,citrine,how-to-identify,/gemstones/citrine/how-to-identify,1145,0,citrine stone side effects,1145
P3,citrine,price-guide,/gemstones/citrine/price-guide,1145,0,citrine stone side effects,1145
P3,citrine,combinations,/gemstones/citrine/combinations,1145,0,citrine stone side effects,1145
P3,citrine,affirmations,/gemstones/citrine/affirmations,1145,0,citrine stone side effects,1145
P3,opal,meaning,/gemstones/opal/meaning,867,25,can aries wear opal,1067
P3,moldavite,who-should-not-wear,/gemstones/moldavite/who-should-not-wear,1060,0,moldavite benefits,1060
P3,moldavite,how-to-identify,/gemstones/moldavite/how-to-identify,1060,0,moldavite benefits,1060
P3,moldavite,price-guide,/gemstones/moldavite/price-guide,1060,0,moldavite benefits,1060
P3,moldavite,combinations,/gemstones/moldavite/combinations,1060,0,moldavite benefits,1060
P3,moldavite,affirmations,/gemstones/moldavite/affirmations,1060,0,moldavite benefits,1060
P3,opal,how-to-cleanse,/gemstones/opal/how-to-cleanse,867,0,can aries wear opal,867
P3,opal,sleeping-with,/gemstones/opal/sleeping-with,867,0,can aries wear opal,867
P3,opal,how-to-identify,/gemstones/opal/how-to-identify,867,0,can aries wear opal,867
P3,opal,price-guide,/gemstones/opal/price-guide,867,0,can aries wear opal,867
P3,opal,combinations,/gemstones/opal/combinations,867,0,can aries wear opal,867
P3,opal,affirmations,/gemstones/opal/affirmations,867,0,can aries wear opal,867
P3,howlite,how-to-cleanse,/gemstones/howlite/how-to-cleanse,216,76,is howlite water safe,824
P3,moss-agate,who-should-not-wear,/gemstones/moss-agate/who-should-not-wear,754,0,tree agate vs moss agate,754
P3,moss-agate,how-to-cleanse,/gemstones/moss-agate/how-to-cleanse,754,0,tree agate vs moss agate,754
P3,moss-agate,sleeping-with,/gemstones/moss-agate/sleeping-with,754,0,tree agate vs moss agate,754
P3,moss-agate,how-to-identify,/gemstones/moss-agate/how-to-identify,754,0,tree agate vs moss agate,754
P3,moss-agate,price-guide,/gemstones/moss-agate/price-guide,754,0,tree agate vs moss agate,754
P3,moss-agate,combinations,/gemstones/moss-agate/combinations,754,0,tree agate vs moss agate,754
P3,moss-agate,affirmations,/gemstones/moss-agate/affirmations,754,0,tree agate vs moss agate,754
P3,obsidian,meaning,/gemstones/obsidian/meaning,558,1,how to cleanse obsidian,566
P3,obsidian,who-should-not-wear,/gemstones/obsidian/who-should-not-wear,558,0,how to cleanse obsidian,558
P3,obsidian,sleeping-with,/gemstones/obsidian/sleeping-with,558,0,how to cleanse obsidian,558
P3,obsidian,how-to-identify,/gemstones/obsidian/how-to-identify,558,0,how to cleanse obsidian,558
P3,obsidian,price-guide,/gemstones/obsidian/price-guide,558,0,how to cleanse obsidian,558
P3,obsidian,combinations,/gemstones/obsidian/combinations,558,0,how to cleanse obsidian,558
P3,obsidian,affirmations,/gemstones/obsidian/affirmations,558,0,how to cleanse obsidian,558
P3,opalite,who-should-not-wear,/gemstones/opalite/who-should-not-wear,491,0,opalite,491
P3,opalite,sleeping-with,/gemstones/opalite/sleeping-with,491,0,opalite,491
P3,opalite,how-to-identify,/gemstones/opalite/how-to-identify,491,0,opalite,491
P3,opalite,price-guide,/gemstones/opalite/price-guide,491,0,opalite,491
P3,opalite,combinations,/gemstones/opalite/combinations,491,0,opalite,491
P3,opalite,affirmations,/gemstones/opalite/affirmations,491,0,opalite,491
P3,moonstone,who-should-not-wear,/gemstones/moonstone/who-should-not-wear,481,0,moonstone meaning,481
P3,moonstone,how-to-cleanse,/gemstones/moonstone/how-to-cleanse,481,0,moonstone meaning,481
P3,moonstone,sleeping-with,/gemstones/moonstone/sleeping-with,481,0,moonstone meaning,481
P3,moonstone,how-to-identify,/gemstones/moonstone/how-to-identify,481,0,moonstone meaning,481
P3,moonstone,price-guide,/gemstones/moonstone/price-guide,481,0,moonstone meaning,481
P3,moonstone,combinations,/gemstones/moonstone/combinations,481,0,moonstone meaning,481
P3,moonstone,affirmations,/gemstones/moonstone/affirmations,481,0,moonstone meaning,481
P3,indian-agate,who-should-not-wear,/gemstones/indian-agate/who-should-not-wear,477,0,indian agate benefits,477
P3,indian-agate,how-to-cleanse,/gemstones/indian-agate/how-to-cleanse,477,0,indian agate benefits,477
P3,indian-agate,can-go-in-water,/gemstones/indian-agate/can-go-in-water,477,0,indian agate benefits,477
P3,indian-agate,sleeping-with,/gemstones/indian-agate/sleeping-with,477,0,indian agate benefits,477
P3,indian-agate,how-to-identify,/gemstones/indian-agate/how-to-identify,477,0,indian agate benefits,477
P3,indian-agate,price-guide,/gemstones/indian-agate/price-guide,477,0,indian agate benefits,477
P3,indian-agate,combinations,/gemstones/indian-agate/combinations,477,0,indian agate benefits,477
P3,indian-agate,affirmations,/gemstones/indian-agate/affirmations,477,0,indian agate benefits,477
P3,malachite,who-should-not-wear,/gemstones/malachite/who-should-not-wear,425,0,malachite water,425
P3,malachite,sleeping-with,/gemstones/malachite/sleeping-with,425,0,malachite water,425
P3,malachite,meaning,/gemstones/malachite/meaning,425,0,malachite water,425
P3,malachite,how-to-identify,/gemstones/malachite/how-to-identify,425,0,malachite water,425
P3,malachite,price-guide,/gemstones/malachite/price-guide,425,0,malachite water,425
P3,malachite,combinations,/gemstones/malachite/combinations,425,0,malachite water,425
P3,malachite,affirmations,/gemstones/malachite/affirmations,425,0,malachite water,425
P3,hematite,who-should-not-wear,/gemstones/hematite/who-should-not-wear,387,0,hematite ring benefits,387
P3,hematite,how-to-cleanse,/gemstones/hematite/how-to-cleanse,387,0,hematite ring benefits,387
P3,hematite,sleeping-with,/gemstones/hematite/sleeping-with,387,0,hematite ring benefits,387
P3,hematite,how-to-identify,/gemstones/hematite/how-to-identify,387,0,hematite ring benefits,387
P3,hematite,price-guide,/gemstones/hematite/price-guide,387,0,hematite ring benefits,387
P3,hematite,combinations,/gemstones/hematite/combinations,387,0,hematite ring benefits,387
P3,hematite,affirmations,/gemstones/hematite/affirmations,387,0,hematite ring benefits,387
P3,black-obsidian,who-should-not-wear,/gemstones/black-obsidian/who-should-not-wear,321,0,can black obsidian go in water,321
P3,black-obsidian,how-to-cleanse,/gemstones/black-obsidian/how-to-cleanse,321,0,can black obsidian go in water,321
P3,black-obsidian,sleeping-with,/gemstones/black-obsidian/sleeping-with,321,0,can black obsidian go in water,321
P3,black-obsidian,how-to-identify,/gemstones/black-obsidian/how-to-identify,321,0,can black obsidian go in water,321
P3,black-obsidian,price-guide,/gemstones/black-obsidian/price-guide,321,0,can black obsidian go in water,321
P3,black-obsidian,combinations,/gemstones/black-obsidian/combinations,321,0,can black obsidian go in water,321
P3,black-obsidian,affirmations,/gemstones/black-obsidian/affirmations,321,0,can black obsidian go in water,321
P3,hematoid-quartz,who-should-not-wear,/gemstones/hematoid-quartz/who-should-not-wear,272,0,hematoid quartz,272
P3,hematoid-quartz,how-to-cleanse,/gemstones/hematoid-quartz/how-to-cleanse,272,0,hematoid quartz,272
P3,hematoid-quartz,can-go-in-water,/gemstones/hematoid-quartz/can-go-in-water,272,0,hematoid quartz,272
P3,hematoid-quartz,sleeping-with,/gemstones/hematoid-quartz/sleeping-with,272,0,hematoid quartz,272
P3,hematoid-quartz,how-to-identify,/gemstones/hematoid-quartz/how-to-identify,272,0,hematoid quartz,272
P3,hematoid-quartz,price-guide,/gemstones/hematoid-quartz/price-guide,272,0,hematoid quartz,272
P3,hematoid-quartz,combinations,/gemstones/hematoid-quartz/combinations,272,0,hematoid quartz,272
P3,hematoid-quartz,affirmations,/gemstones/hematoid-quartz/affirmations,272,0,hematoid quartz,272
P3,enhydro-agate,who-should-not-wear,/gemstones/enhydro-agate/who-should-not-wear,271,0,enhydro agate,271
P3,enhydro-agate,how-to-cleanse,/gemstones/enhydro-agate/how-to-cleanse,271,0,enhydro agate,271
P3,enhydro-agate,can-go-in-water,/gemstones/enhydro-agate/can-go-in-water,271,0,enhydro agate,271
P3,enhydro-agate,sleeping-with,/gemstones/enhydro-agate/sleeping-with,271,0,enhydro agate,271
P3,enhydro-agate,how-to-identify,/gemstones/enhydro-agate/how-to-identify,271,0,enhydro agate,271
P3,enhydro-agate,price-guide,/gemstones/enhydro-agate/price-guide,271,0,enhydro agate,271
P3,enhydro-agate,combinations,/gemstones/enhydro-agate/combinations,271,0,enhydro agate,271
P3,enhydro-agate,affirmations,/gemstones/enhydro-agate/affirmations,271,0,enhydro agate,271
P3,selenite,who-should-not-wear,/gemstones/selenite/who-should-not-wear,269,0,is selenite water safe,269
P3,selenite,how-to-cleanse,/gemstones/selenite/how-to-cleanse,269,0,is selenite water safe,269
P3,selenite,sleeping-with,/gemstones/selenite/sleeping-with,269,0,is selenite water safe,269
P3,selenite,meaning,/gemstones/selenite/meaning,269,0,is selenite water safe,269
P3,selenite,how-to-identify,/gemstones/selenite/how-to-identify,269,0,is selenite water safe,269
P3,selenite,price-guide,/gemstones/selenite/price-guide,269,0,is selenite water safe,269
P3,selenite,combinations,/gemstones/selenite/combinations,269,0,is selenite water safe,269
P3,selenite,affirmations,/gemstones/selenite/affirmations,269,0,is selenite water safe,269
P3,crazy-lace-agate,who-should-not-wear,/gemstones/crazy-lace-agate/who-should-not-wear,266,0,crazy lace agate,266
P3,crazy-lace-agate,how-to-cleanse,/gemstones/crazy-lace-agate/how-to-cleanse,266,0,crazy lace agate,266
P3,crazy-lace-agate,can-go-in-water,/gemstones/crazy-lace-agate/can-go-in-water,266,0,crazy lace agate,266
P3,crazy-lace-agate,sleeping-with,/gemstones/crazy-lace-agate/sleeping-with,266,0,crazy lace agate,266
P3,crazy-lace-agate,how-to-identify,/gemstones/crazy-lace-agate/how-to-identify,266,0,crazy lace agate,266
P3,crazy-lace-agate,price-guide,/gemstones/crazy-lace-agate/price-guide,266,0,crazy lace agate,266
P3,crazy-lace-agate,combinations,/gemstones/crazy-lace-agate/combinations,266,0,crazy lace agate,266
P3,crazy-lace-agate,affirmations,/gemstones/crazy-lace-agate/affirmations,266,0,crazy lace agate,266
P3,green-opal,who-should-not-wear,/gemstones/green-opal/who-should-not-wear,229,0,green opal,229
P3,green-opal,how-to-cleanse,/gemstones/green-opal/how-to-cleanse,229,0,green opal,229
P3,green-opal,can-go-in-water,/gemstones/green-opal/can-go-in-water,229,0,green opal,229
P3,green-opal,sleeping-with,/gemstones/green-opal/sleeping-with,229,0,green opal,229
P3,green-opal,how-to-identify,/gemstones/green-opal/how-to-identify,229,0,green opal,229
P3,green-opal,price-guide,/gemstones/green-opal/price-guide,229,0,green opal,229
P3,green-opal,combinations,/gemstones/green-opal/combinations,229,0,green opal,229
P3,green-opal,affirmations,/gemstones/green-opal/affirmations,229,0,green opal,229
P3,lepidolite,who-should-not-wear,/gemstones/lepidolite/who-should-not-wear,224,0,how to cleanse lepidolite,224
P3,lepidolite,sleeping-with,/gemstones/lepidolite/sleeping-with,224,0,how to cleanse lepidolite,224
P3,lepidolite,how-to-identify,/gemstones/lepidolite/how-to-identify,224,0,how to cleanse lepidolite,224
P3,lepidolite,price-guide,/gemstones/lepidolite/price-guide,224,0,how to cleanse lepidolite,224
P3,lepidolite,combinations,/gemstones/lepidolite/combinations,224,0,how to cleanse lepidolite,224
P3,lepidolite,affirmations,/gemstones/lepidolite/affirmations,224,0,how to cleanse lepidolite,224
P3,howlite,who-should-not-wear,/gemstones/howlite/who-should-not-wear,216,0,is howlite water safe,216
P3,howlite,sleeping-with,/gemstones/howlite/sleeping-with,216,0,is howlite water safe,216
P3,howlite,meaning,/gemstones/howlite/meaning,216,0,is howlite water safe,216
P3,howlite,how-to-identify,/gemstones/howlite/how-to-identify,216,0,is howlite water safe,216
P3,howlite,price-guide,/gemstones/howlite/price-guide,216,0,is howlite water safe,216
P3,howlite,combinations,/gemstones/howlite/combinations,216,0,is howlite water safe,216
P3,howlite,affirmations,/gemstones/howlite/affirmations,216,0,is howlite water safe,216
P3,amazonite,who-should-not-wear,/gemstones/amazonite/who-should-not-wear,185,0,amazonite water safe,185
P3,amazonite,how-to-cleanse,/gemstones/amazonite/how-to-cleanse,185,0,amazonite water safe,185
P3,amazonite,sleeping-with,/gemstones/amazonite/sleeping-with,185,0,amazonite water safe,185
P3,amazonite,meaning,/gemstones/amazonite/meaning,185,0,amazonite water safe,185
P3,amazonite,how-to-identify,/gemstones/amazonite/how-to-identify,185,0,amazonite water safe,185
P3,amazonite,price-guide,/gemstones/amazonite/price-guide,185,0,amazonite water safe,185
P3,amazonite,combinations,/gemstones/amazonite/combinations,185,0,amazonite water safe,185
P3,amazonite,affirmations,/gemstones/amazonite/affirmations,185,0,amazonite water safe,185
P3,diamond,who-should-not-wear,/gemstones/diamond/who-should-not-wear,177,0,kimberlite how to identify a raw diamond,177
P3,diamond,how-to-cleanse,/gemstones/diamond/how-to-cleanse,177,0,kimberlite how to identify a raw diamond,177
P3,diamond,can-go-in-water,/gemstones/diamond/can-go-in-water,177,0,kimberlite how to identify a raw diamond,177
P3,diamond,sleeping-with,/gemstones/diamond/sleeping-with,177,0,kimberlite how to identify a raw diamond,177
P3,diamond,meaning,/gemstones/diamond/meaning,177,0,kimberlite how to identify a raw diamond,177
P3,diamond,price-guide,/gemstones/diamond/price-guide,177,0,kimberlite how to identify a raw diamond,177
P3,diamond,combinations,/gemstones/diamond/combinations,177,0,kimberlite how to identify a raw diamond,177
P3,diamond,affirmations,/gemstones/diamond/affirmations,177,0,kimberlite how to identify a raw diamond,177
P3,fluorite,who-should-not-wear,/gemstones/fluorite/who-should-not-wear,163,0,can fluorite go in water,163
P3,fluorite,how-to-cleanse,/gemstones/fluorite/how-to-cleanse,163,0,can fluorite go in water,163
P3,fluorite,sleeping-with,/gemstones/fluorite/sleeping-with,163,0,can fluorite go in water,163
P3,fluorite,meaning,/gemstones/fluorite/meaning,163,0,can fluorite go in water,163
P3,fluorite,how-to-identify,/gemstones/fluorite/how-to-identify,163,0,can fluorite go in water,163
P3,fluorite,price-guide,/gemstones/fluorite/price-guide,163,0,can fluorite go in water,163
P3,fluorite,combinations,/gemstones/fluorite/combinations,163,0,can fluorite go in water,163
P3,fluorite,affirmations,/gemstones/fluorite/affirmations,163,0,can fluorite go in water,163
P3,blue-tigers-eye,who-should-not-wear,/gemstones/blue-tigers-eye/who-should-not-wear,135,0,blue tigers eye benefits,135
P3,blue-tigers-eye,how-to-cleanse,/gemstones/blue-tigers-eye/how-to-cleanse,135,0,blue tigers eye benefits,135
P3,blue-tigers-eye,can-go-in-water,/gemstones/blue-tigers-eye/can-go-in-water,135,0,blue tigers eye benefits,135
P3,blue-tigers-eye,sleeping-with,/gemstones/blue-tigers-eye/sleeping-with,135,0,blue tigers eye benefits,135
P3,blue-tigers-eye,how-to-identify,/gemstones/blue-tigers-eye/how-to-identify,135,0,blue tigers eye benefits,135
P3,blue-tigers-eye,price-guide,/gemstones/blue-tigers-eye/price-guide,135,0,blue tigers eye benefits,135
P3,blue-tigers-eye,combinations,/gemstones/blue-tigers-eye/combinations,135,0,blue tigers eye benefits,135
P3,blue-tigers-eye,affirmations,/gemstones/blue-tigers-eye/affirmations,135,0,blue tigers eye benefits,135
P3,blue-lace-agate,who-should-not-wear,/gemstones/blue-lace-agate/who-should-not-wear,127,0,blue lace agate meaning,127
P3,blue-lace-agate,how-to-cleanse,/gemstones/blue-lace-agate/how-to-cleanse,127,0,blue lace agate meaning,127
P3,blue-lace-agate,sleeping-with,/gemstones/blue-lace-agate/sleeping-with,127,0,blue lace agate meaning,127
P3,blue-lace-agate,how-to-identify,/gemstones/blue-lace-agate/how-to-identify,127,0,blue lace agate meaning,127
P3,blue-lace-agate,price-guide,/gemstones/blue-lace-agate/price-guide,127,0,blue lace agate meaning,127
P3,blue-lace-agate,combinations,/gemstones/blue-lace-agate/combinations,127,0,blue lace agate meaning,127
P3,blue-lace-agate,affirmations,/gemstones/blue-lace-agate/affirmations,127,0,blue lace agate meaning,127
P3,pink-agate,who-should-not-wear,/gemstones/pink-agate/who-should-not-wear,121,0,pink agate properties,121
P3,pink-agate,how-to-cleanse,/gemstones/pink-agate/how-to-cleanse,121,0,pink agate properties,121
P3,pink-agate,can-go-in-water,/gemstones/pink-agate/can-go-in-water,121,0,pink agate properties,121
P3,pink-agate,sleeping-with,/gemstones/pink-agate/sleeping-with,121,0,pink agate properties,121
P3,pink-agate,how-to-identify,/gemstones/pink-agate/how-to-identify,121,0,pink agate properties,121
P3,pink-agate,price-guide,/gemstones/pink-agate/price-guide,121,0,pink agate properties,121
P3,pink-agate,combinations,/gemstones/pink-agate/combinations,121,0,pink agate properties,121
P3,pink-agate,affirmations,/gemstones/pink-agate/affirmations,121,0,pink agate properties,121
P3,green-goldstone,who-should-not-wear,/gemstones/green-goldstone/who-should-not-wear,96,0,green goldstone meaning,96
P3,green-goldstone,how-to-cleanse,/gemstones/green-goldstone/how-to-cleanse,96,0,green goldstone meaning,96
P3,green-goldstone,can-go-in-water,/gemstones/green-goldstone/can-go-in-water,96,0,green goldstone meaning,96
P3,green-goldstone,sleeping-with,/gemstones/green-goldstone/sleeping-with,96,0,green goldstone meaning,96
P3,green-goldstone,how-to-identify,/gemstones/green-goldstone/how-to-identify,96,0,green goldstone meaning,96
P3,green-goldstone,price-guide,/gemstones/green-goldstone/price-guide,96,0,green goldstone meaning,96
P3,green-goldstone,combinations,/gemstones/green-goldstone/combinations,96,0,green goldstone meaning,96
P3,green-goldstone,affirmations,/gemstones/green-goldstone/affirmations,96,0,green goldstone meaning,96
P3,calcite,who-should-not-wear,/gemstones/calcite/who-should-not-wear,79,0,can calcite get wet,79
P3,calcite,how-to-cleanse,/gemstones/calcite/how-to-cleanse,79,0,can calcite get wet,79
P3,calcite,sleeping-with,/gemstones/calcite/sleeping-with,79,0,can calcite get wet,79
P3,calcite,meaning,/gemstones/calcite/meaning,79,0,can calcite get wet,79
P3,calcite,how-to-identify,/gemstones/calcite/how-to-identify,79,0,can calcite get wet,79
P3,calcite,price-guide,/gemstones/calcite/price-guide,79,0,can calcite get wet,79
P3,calcite,combinations,/gemstones/calcite/combinations,79,0,can calcite get wet,79
P3,calcite,affirmations,/gemstones/calcite/affirmations,79,0,can calcite get wet,79
P3,black-agate,who-should-not-wear,/gemstones/black-agate/who-should-not-wear,71,0,black agate healing properties,71
P3,black-agate,how-to-cleanse,/gemstones/black-agate/how-to-cleanse,71,0,black agate healing properties,71
P3,black-agate,can-go-in-water,/gemstones/black-agate/can-go-in-water,71,0,black agate healing properties,71
P3,black-agate,sleeping-with,/gemstones/black-agate/sleeping-with,71,0,black agate healing properties,71
P3,black-agate,how-to-identify,/gemstones/black-agate/how-to-identify,71,0,black agate healing properties,71
P3,black-agate,price-guide,/gemstones/black-agate/price-guide,71,0,black agate healing properties,71
P3,black-agate,combinations,/gemstones/black-agate/combinations,71,0,black agate healing properties,71
P3,black-agate,affirmations,/gemstones/black-agate/affirmations,71,0,black agate healing properties,71
P3,botswana-agate,who-should-not-wear,/gemstones/botswana-agate/who-should-not-wear,62,0,botswana agate healing properties,62
P3,botswana-agate,how-to-cleanse,/gemstones/botswana-agate/how-to-cleanse,62,0,botswana agate healing properties,62
P3,botswana-agate,can-go-in-water,/gemstones/botswana-agate/can-go-in-water,62,0,botswana agate healing properties,62
P3,botswana-agate,sleeping-with,/gemstones/botswana-agate/sleeping-with,62,0,botswana agate healing properties,62
P3,botswana-agate,how-to-identify,/gemstones/botswana-agate/how-to-identify,62,0,botswana agate healing properties,62
P3,botswana-agate,price-guide,/gemstones/botswana-agate/price-guide,62,0,botswana agate healing properties,62
P3,botswana-agate,combinations,/gemstones/botswana-agate/combinations,62,0,botswana agate healing properties,62
P3,botswana-agate,affirmations,/gemstones/botswana-agate/affirmations,62,0,botswana agate healing properties,62
P3,yellow-calcite,who-should-not-wear,/gemstones/yellow-calcite/who-should-not-wear,29,0,healing properties of yellow calcite,29
P3,yellow-calcite,how-to-cleanse,/gemstones/yellow-calcite/how-to-cleanse,29,0,healing properties of yellow calcite,29
P3,yellow-calcite,can-go-in-water,/gemstones/yellow-calcite/can-go-in-water,29,0,healing properties of yellow calcite,29
P3,yellow-calcite,sleeping-with,/gemstones/yellow-calcite/sleeping-with,29,0,healing properties of yellow calcite,29
P3,yellow-calcite,how-to-identify,/gemstones/yellow-calcite/how-to-identify,29,0,healing properties of yellow calcite,29
P3,yellow-calcite,price-guide,/gemstones/yellow-calcite/price-guide,29,0,healing properties of yellow calcite,29
P3,yellow-calcite,combinations,/gemstones/yellow-calcite/combinations,29,0,healing properties of yellow calcite,29
P3,yellow-calcite,affirmations,/gemstones/yellow-calcite/affirmations,29,0,healing properties of yellow calcite,29
P3,clear-quartz,how-to-identify,/gemstones/clear-quartz/how-to-identify,3,1,clear quartz amethyst,11
P3,clear-quartz,who-should-not-wear,/gemstones/clear-quartz/who-should-not-wear,3,0,clear quartz amethyst,3
P3,clear-quartz,how-to-cleanse,/gemstones/clear-quartz/how-to-cleanse,3,0,clear quartz amethyst,3
P3,clear-quartz,sleeping-with,/gemstones/clear-quartz/sleeping-with,3,0,clear quartz amethyst,3
P3,clear-quartz,meaning,/gemstones/clear-quartz/meaning,3,0,clear quartz amethyst,3
P3,clear-quartz,price-guide,/gemstones/clear-quartz/price-guide,3,0,clear quartz amethyst,3
P3,clear-quartz,combinations,/gemstones/clear-quartz/combinations,3,0,clear quartz amethyst,3
P3,clear-quartz,affirmations,/gemstones/clear-quartz/affirmations,3,0,clear quartz amethyst,3
P3,carnelian,who-should-not-wear,/gemstones/carnelian/who-should-not-wear,1,0,carnelian and amethyst together,1
P3,carnelian,how-to-cleanse,/gemstones/carnelian/how-to-cleanse,1,0,carnelian and amethyst together,1
P3,carnelian,sleeping-with,/gemstones/carnelian/sleeping-with,1,0,carnelian and amethyst together,1
P3,carnelian,meaning,/gemstones/carnelian/meaning,1,0,carnelian and amethyst together,1
P3,carnelian,how-to-identify,/gemstones/carnelian/how-to-identify,1,0,carnelian and amethyst together,1
P3,carnelian,price-guide,/gemstones/carnelian/price-guide,1,0,carnelian and amethyst together,1
P3,carnelian,combinations,/gemstones/carnelian/combinations,1,0,carnelian and amethyst together,1
P3,carnelian,affirmations,/gemstones/carnelian/affirmations,1,0,carnelian and amethyst together,1
P3,larimar,who-should-not-wear,/gemstones/larimar/who-should-not-wear,1,0,larimar edelstein,1
P3,larimar,how-to-cleanse,/gemstones/larimar/how-to-cleanse,1,0,larimar edelstein,1
P3,larimar,sleeping-with,/gemstones/larimar/sleeping-with,1,0,larimar edelstein,1
P3,larimar,how-to-identify,/gemstones/larimar/how-to-identify,1,0,larimar edelstein,1
P3,larimar,price-guide,/gemstones/larimar/price-guide,1,0,larimar edelstein,1
P3,larimar,combinations,/gemstones/larimar/combinations,1,0,larimar edelstein,1
P3,larimar,affirmations,/gemstones/larimar/affirmations,1,0,larimar edelstein,1
P3,agate,who-should-not-wear,/gemstones/agate/who-should-not-wear,0,0,,0
P3,agate,how-to-cleanse,/gemstones/agate/how-to-cleanse,0,0,,0
P3,agate,sleeping-with,/gemstones/agate/sleeping-with,0,0,,0
P3,agate,meaning,/gemstones/agate/meaning,0,0,,0
P3,agate,how-to-identify,/gemstones/agate/how-to-identify,0,0,,0
P3,agate,price-guide,/gemstones/agate/price-guide,0,0,,0
P3,agate,combinations,/gemstones/agate/combinations,0,0,,0
P3,agate,affirmations,/gemstones/agate/affirmations,0,0,,0
P3,angel-aura-quartz,who-should-not-wear,/gemstones/angel-aura-quartz/who-should-not-wear,0,0,,0
P3,angel-aura-quartz,how-to-cleanse,/gemstones/angel-aura-quartz/how-to-cleanse,0,0,,0
P3,angel-aura-quartz,can-go-in-water,/gemstones/angel-aura-quartz/can-go-in-water,0,0,,0
P3,angel-aura-quartz,sleeping-with,/gemstones/angel-aura-quartz/sleeping-with,0,0,,0
P3,angel-aura-quartz,how-to-identify,/gemstones/angel-aura-quartz/how-to-identify,0,0,,0
P3,angel-aura-quartz,price-guide,/gemstones/angel-aura-quartz/price-guide,0,0,,0
P3,angel-aura-quartz,combinations,/gemstones/angel-aura-quartz/combinations,0,0,,0
P3,angel-aura-quartz,affirmations,/gemstones/angel-aura-quartz/affirmations,0,0,,0
P3,black-moonstone,who-should-not-wear,/gemstones/black-moonstone/who-should-not-wear,0,0,,0
P3,black-moonstone,how-to-cleanse,/gemstones/black-moonstone/how-to-cleanse,0,0,,0
P3,black-moonstone,can-go-in-water,/gemstones/black-moonstone/can-go-in-water,0,0,,0
P3,black-moonstone,sleeping-with,/gemstones/black-moonstone/sleeping-with,0,0,,0
P3,black-moonstone,how-to-identify,/gemstones/black-moonstone/how-to-identify,0,0,,0
P3,black-moonstone,price-guide,/gemstones/black-moonstone/price-guide,0,0,,0
P3,black-moonstone,combinations,/gemstones/black-moonstone/combinations,0,0,,0
P3,black-moonstone,affirmations,/gemstones/black-moonstone/affirmations,0,0,,0
P3,blue-onyx,who-should-not-wear,/gemstones/blue-onyx/who-should-not-wear,0,0,,0
P3,blue-onyx,how-to-cleanse,/gemstones/blue-onyx/how-to-cleanse,0,0,,0
P3,blue-onyx,can-go-in-water,/gemstones/blue-onyx/can-go-in-water,0,0,,0
P3,blue-onyx,sleeping-with,/gemstones/blue-onyx/sleeping-with,0,0,,0
P3,blue-onyx,how-to-identify,/gemstones/blue-onyx/how-to-identify,0,0,,0
P3,blue-onyx,price-guide,/gemstones/blue-onyx/price-guide,0,0,,0
P3,blue-onyx,combinations,/gemstones/blue-onyx/combinations,0,0,,0
P3,blue-onyx,affirmations,/gemstones/blue-onyx/affirmations,0,0,,0
P3,blue-sandstone,who-should-not-wear,/gemstones/blue-sandstone/who-should-not-wear,0,0,,0
P3,blue-sandstone,how-to-cleanse,/gemstones/blue-sandstone/how-to-cleanse,0,0,,0
P3,blue-sandstone,can-go-in-water,/gemstones/blue-sandstone/can-go-in-water,0,0,,0
P3,blue-sandstone,sleeping-with,/gemstones/blue-sandstone/sleeping-with,0,0,,0
P3,blue-sandstone,how-to-identify,/gemstones/blue-sandstone/how-to-identify,0,0,,0
P3,blue-sandstone,price-guide,/gemstones/blue-sandstone/price-guide,0,0,,0
P3,blue-sandstone,combinations,/gemstones/blue-sandstone/combinations,0,0,,0
P3,blue-sandstone,affirmations,/gemstones/blue-sandstone/affirmations,0,0,,0
P3,brazilian-agate,who-should-not-wear,/gemstones/brazilian-agate/who-should-not-wear,0,0,,0
P3,brazilian-agate,how-to-cleanse,/gemstones/brazilian-agate/how-to-cleanse,0,0,,0
P3,brazilian-agate,can-go-in-water,/gemstones/brazilian-agate/can-go-in-water,0,0,,0
P3,brazilian-agate,sleeping-with,/gemstones/brazilian-agate/sleeping-with,0,0,,0
P3,brazilian-agate,how-to-identify,/gemstones/brazilian-agate/how-to-identify,0,0,,0
P3,brazilian-agate,price-guide,/gemstones/brazilian-agate/price-guide,0,0,,0
P3,brazilian-agate,combinations,/gemstones/brazilian-agate/combinations,0,0,,0
P3,brazilian-agate,affirmations,/gemstones/brazilian-agate/affirmations,0,0,,0
P3,caribbean-calcite,who-should-not-wear,/gemstones/caribbean-calcite/who-should-not-wear,0,0,,0
P3,caribbean-calcite,how-to-cleanse,/gemstones/caribbean-calcite/how-to-cleanse,0,0,,0
P3,caribbean-calcite,can-go-in-water,/gemstones/caribbean-calcite/can-go-in-water,0,0,,0
P3,caribbean-calcite,sleeping-with,/gemstones/caribbean-calcite/sleeping-with,0,0,,0
P3,caribbean-calcite,how-to-identify,/gemstones/caribbean-calcite/how-to-identify,0,0,,0
P3,caribbean-calcite,price-guide,/gemstones/caribbean-calcite/price-guide,0,0,,0
P3,caribbean-calcite,combinations,/gemstones/caribbean-calcite/combinations,0,0,,0
P3,caribbean-calcite,affirmations,/gemstones/caribbean-calcite/affirmations,0,0,,0
P3,carnelian-agate,who-should-not-wear,/gemstones/carnelian-agate/who-should-not-wear,0,0,,0
P3,carnelian-agate,how-to-cleanse,/gemstones/carnelian-agate/how-to-cleanse,0,0,,0
P3,carnelian-agate,can-go-in-water,/gemstones/carnelian-agate/can-go-in-water,0,0,,0
P3,carnelian-agate,sleeping-with,/gemstones/carnelian-agate/sleeping-with,0,0,,0
P3,carnelian-agate,how-to-identify,/gemstones/carnelian-agate/how-to-identify,0,0,,0
P3,carnelian-agate,price-guide,/gemstones/carnelian-agate/price-guide,0,0,,0
P3,carnelian-agate,combinations,/gemstones/carnelian-agate/combinations,0,0,,0
P3,carnelian-agate,affirmations,/gemstones/carnelian-agate/affirmations,0,0,,0
P3,cherry-quartz,who-should-not-wear,/gemstones/cherry-quartz/who-should-not-wear,0,0,,0
P3,cherry-quartz,how-to-cleanse,/gemstones/cherry-quartz/how-to-cleanse,0,0,,0
P3,cherry-quartz,can-go-in-water,/gemstones/cherry-quartz/can-go-in-water,0,0,,0
P3,cherry-quartz,sleeping-with,/gemstones/cherry-quartz/sleeping-with,0,0,,0
P3,cherry-quartz,how-to-identify,/gemstones/cherry-quartz/how-to-identify,0,0,,0
P3,cherry-quartz,price-guide,/gemstones/cherry-quartz/price-guide,0,0,,0
P3,cherry-quartz,combinations,/gemstones/cherry-quartz/combinations,0,0,,0
P3,cherry-quartz,affirmations,/gemstones/cherry-quartz/affirmations,0,0,,0
P3,crackle-quartz,who-should-not-wear,/gemstones/crackle-quartz/who-should-not-wear,0,0,,0
P3,crackle-quartz,how-to-cleanse,/gemstones/crackle-quartz/how-to-cleanse,0,0,,0
P3,crackle-quartz,can-go-in-water,/gemstones/crackle-quartz/can-go-in-water,0,0,,0
P3,crackle-quartz,sleeping-with,/gemstones/crackle-quartz/sleeping-with,0,0,,0
P3,crackle-quartz,how-to-identify,/gemstones/crackle-quartz/how-to-identify,0,0,,0
P3,crackle-quartz,price-guide,/gemstones/crackle-quartz/price-guide,0,0,,0
P3,crackle-quartz,combinations,/gemstones/crackle-quartz/combinations,0,0,,0
P3,crackle-quartz,affirmations,/gemstones/crackle-quartz/affirmations,0,0,,0
P3,druzy-quartz,who-should-not-wear,/gemstones/druzy-quartz/who-should-not-wear,0,0,,0
P3,druzy-quartz,how-to-cleanse,/gemstones/druzy-quartz/how-to-cleanse,0,0,,0
P3,druzy-quartz,can-go-in-water,/gemstones/druzy-quartz/can-go-in-water,0,0,,0
P3,druzy-quartz,sleeping-with,/gemstones/druzy-quartz/sleeping-with,0,0,,0
P3,druzy-quartz,how-to-identify,/gemstones/druzy-quartz/how-to-identify,0,0,,0
P3,druzy-quartz,price-guide,/gemstones/druzy-quartz/price-guide,0,0,,0
P3,druzy-quartz,combinations,/gemstones/druzy-quartz/combinations,0,0,,0
P3,druzy-quartz,affirmations,/gemstones/druzy-quartz/affirmations,0,0,,0
P3,emerald,how-to-cleanse,/gemstones/emerald/how-to-cleanse,0,0,,0
P3,emerald,can-go-in-water,/gemstones/emerald/can-go-in-water,0,0,,0
P3,emerald,sleeping-with,/gemstones/emerald/sleeping-with,0,0,,0
P3,emerald,meaning,/gemstones/emerald/meaning,0,0,,0
P3,emerald,how-to-identify,/gemstones/emerald/how-to-identify,0,0,,0
P3,emerald,price-guide,/gemstones/emerald/price-guide,0,0,,0
P3,emerald,combinations,/gemstones/emerald/combinations,0,0,,0
P3,emerald,affirmations,/gemstones/emerald/affirmations,0,0,,0
P3,fancy-jasper,who-should-not-wear,/gemstones/fancy-jasper/who-should-not-wear,0,0,,0
P3,fancy-jasper,how-to-cleanse,/gemstones/fancy-jasper/how-to-cleanse,0,0,,0
P3,fancy-jasper,can-go-in-water,/gemstones/fancy-jasper/can-go-in-water,0,0,,0
P3,fancy-jasper,sleeping-with,/gemstones/fancy-jasper/sleeping-with,0,0,,0
P3,fancy-jasper,how-to-identify,/gemstones/fancy-jasper/how-to-identify,0,0,,0
P3,fancy-jasper,price-guide,/gemstones/fancy-jasper/price-guide,0,0,,0
P3,fancy-jasper,combinations,/gemstones/fancy-jasper/combinations,0,0,,0
P3,fancy-jasper,affirmations,/gemstones/fancy-jasper/affirmations,0,0,,0
P3,flower-agate,who-should-not-wear,/gemstones/flower-agate/who-should-not-wear,0,0,,0
P3,flower-agate,how-to-cleanse,/gemstones/flower-agate/how-to-cleanse,0,0,,0
P3,flower-agate,sleeping-with,/gemstones/flower-agate/sleeping-with,0,0,,0
P3,flower-agate,how-to-identify,/gemstones/flower-agate/how-to-identify,0,0,,0
P3,flower-agate,price-guide,/gemstones/flower-agate/price-guide,0,0,,0
P3,flower-agate,combinations,/gemstones/flower-agate/combinations,0,0,,0
P3,flower-agate,affirmations,/gemstones/flower-agate/affirmations,0,0,,0
P3,garden-quartz,who-should-not-wear,/gemstones/garden-quartz/who-should-not-wear,0,0,,0
P3,garden-quartz,how-to-cleanse,/gemstones/garden-quartz/how-to-cleanse,0,0,,0
P3,garden-quartz,can-go-in-water,/gemstones/garden-quartz/can-go-in-water,0,0,,0
P3,garden-quartz,sleeping-with,/gemstones/garden-quartz/sleeping-with,0,0,,0
P3,garden-quartz,how-to-identify,/gemstones/garden-quartz/how-to-identify,0,0,,0
P3,garden-quartz,price-guide,/gemstones/garden-quartz/price-guide,0,0,,0
P3,garden-quartz,combinations,/gemstones/garden-quartz/combinations,0,0,,0
P3,garden-quartz,affirmations,/gemstones/garden-quartz/affirmations,0,0,,0
P3,grape-agate,who-should-not-wear,/gemstones/grape-agate/who-should-not-wear,0,0,,0
P3,grape-agate,how-to-cleanse,/gemstones/grape-agate/how-to-cleanse,0,0,,0
P3,grape-agate,can-go-in-water,/gemstones/grape-agate/can-go-in-water,0,0,,0
P3,grape-agate,sleeping-with,/gemstones/grape-agate/sleeping-with,0,0,,0
P3,grape-agate,how-to-identify,/gemstones/grape-agate/how-to-identify,0,0,,0
P3,grape-agate,price-guide,/gemstones/grape-agate/price-guide,0,0,,0
P3,grape-agate,combinations,/gemstones/grape-agate/combinations,0,0,,0
P3,grape-agate,affirmations,/gemstones/grape-agate/affirmations,0,0,,0
P3,hematite-rings,who-should-not-wear,/gemstones/hematite-rings/who-should-not-wear,0,0,,0
P3,hematite-rings,how-to-cleanse,/gemstones/hematite-rings/how-to-cleanse,0,0,,0
P3,hematite-rings,can-go-in-water,/gemstones/hematite-rings/can-go-in-water,0,0,,0
P3,hematite-rings,sleeping-with,/gemstones/hematite-rings/sleeping-with,0,0,,0
P3,hematite-rings,how-to-identify,/gemstones/hematite-rings/how-to-identify,0,0,,0
P3,hematite-rings,price-guide,/gemstones/hematite-rings/price-guide,0,0,,0
P3,hematite-rings,combinations,/gemstones/hematite-rings/combinations,0,0,,0
P3,hematite-rings,affirmations,/gemstones/hematite-rings/affirmations,0,0,,0
P3,honey-calcite,who-should-not-wear,/gemstones/honey-calcite/who-should-not-wear,0,0,,0
P3,honey-calcite,how-to-cleanse,/gemstones/honey-calcite/how-to-cleanse,0,0,,0
P3,honey-calcite,can-go-in-water,/gemstones/honey-calcite/can-go-in-water,0,0,,0
P3,honey-calcite,sleeping-with,/gemstones/honey-calcite/sleeping-with,0,0,,0
P3,honey-calcite,how-to-identify,/gemstones/honey-calcite/how-to-identify,0,0,,0
P3,honey-calcite,price-guide,/gemstones/honey-calcite/price-guide,0,0,,0
P3,honey-calcite,combinations,/gemstones/honey-calcite/combinations,0,0,,0
P3,honey-calcite,affirmations,/gemstones/honey-calcite/affirmations,0,0,,0
P3,kyanite,who-should-not-wear,/gemstones/kyanite/who-should-not-wear,0,0,,0
P3,kyanite,how-to-cleanse,/gemstones/kyanite/how-to-cleanse,0,0,,0
P3,kyanite,can-go-in-water,/gemstones/kyanite/can-go-in-water,0,0,,0
P3,kyanite,sleeping-with,/gemstones/kyanite/sleeping-with,0,0,,0
P3,kyanite,meaning,/gemstones/kyanite/meaning,0,0,,0
P3,kyanite,how-to-identify,/gemstones/kyanite/how-to-identify,0,0,,0
P3,kyanite,price-guide,/gemstones/kyanite/price-guide,0,0,,0
P3,kyanite,combinations,/gemstones/kyanite/combinations,0,0,,0
P3,kyanite,affirmations,/gemstones/kyanite/affirmations,0,0,,0
P3,peach-moonstone,who-should-not-wear,/gemstones/peach-moonstone/who-should-not-wear,0,0,,0
P3,peach-moonstone,how-to-cleanse,/gemstones/peach-moonstone/how-to-cleanse,0,0,,0
P3,peach-moonstone,can-go-in-water,/gemstones/peach-moonstone/can-go-in-water,0,0,,0
P3,peach-moonstone,sleeping-with,/gemstones/peach-moonstone/sleeping-with,0,0,,0
P3,peach-moonstone,how-to-identify,/gemstones/peach-moonstone/how-to-identify,0,0,,0
P3,peach-moonstone,price-guide,/gemstones/peach-moonstone/price-guide,0,0,,0
P3,peach-moonstone,combinations,/gemstones/peach-moonstone/combinations,0,0,,0
P3,peach-moonstone,affirmations,/gemstones/peach-moonstone/affirmations,0,0,,0
P3,rainbow-hematite,who-should-not-wear,/gemstones/rainbow-hematite/who-should-not-wear,0,0,,0
P3,rainbow-hematite,how-to-cleanse,/gemstones/rainbow-hematite/how-to-cleanse,0,0,,0
P3,rainbow-hematite,can-go-in-water,/gemstones/rainbow-hematite/can-go-in-water,0,0,,0
P3,rainbow-hematite,sleeping-with,/gemstones/rainbow-hematite/sleeping-with,0,0,,0
P3,rainbow-hematite,how-to-identify,/gemstones/rainbow-hematite/how-to-identify,0,0,,0
P3,rainbow-hematite,price-guide,/gemstones/rainbow-hematite/price-guide,0,0,,0
P3,rainbow-hematite,combinations,/gemstones/rainbow-hematite/combinations,0,0,,0
P3,rainbow-hematite,affirmations,/gemstones/rainbow-hematite/affirmations,0,0,,0
P3,red-agate,who-should-not-wear,/gemstones/red-agate/who-should-not-wear,0,0,,0
P3,red-agate,how-to-cleanse,/gemstones/red-agate/how-to-cleanse,0,0,,0
P3,red-agate,can-go-in-water,/gemstones/red-agate/can-go-in-water,0,0,,0
P3,red-agate,sleeping-with,/gemstones/red-agate/sleeping-with,0,0,,0
P3,red-agate,how-to-identify,/gemstones/red-agate/how-to-identify,0,0,,0
P3,red-agate,price-guide,/gemstones/red-agate/price-guide,0,0,,0
P3,red-agate,combinations,/gemstones/red-agate/combinations,0,0,,0
P3,red-agate,affirmations,/gemstones/red-agate/affirmations,0,0,,0
P3,red-jasper,who-should-not-wear,/gemstones/red-jasper/who-should-not-wear,0,0,,0
P3,red-jasper,how-to-cleanse,/gemstones/red-jasper/how-to-cleanse,0,0,,0
P3,red-jasper,sleeping-with,/gemstones/red-jasper/sleeping-with,0,0,,0
P3,red-jasper,meaning,/gemstones/red-jasper/meaning,0,0,,0
P3,red-jasper,how-to-identify,/gemstones/red-jasper/how-to-identify,0,0,,0
P3,red-jasper,price-guide,/gemstones/red-jasper/price-guide,0,0,,0
P3,red-jasper,combinations,/gemstones/red-jasper/combinations,0,0,,0
P3,red-jasper,affirmations,/gemstones/red-jasper/affirmations,0,0,,0
P3,red-tigers-eye,who-should-not-wear,/gemstones/red-tigers-eye/who-should-not-wear,0,0,,0
P3,red-tigers-eye,how-to-cleanse,/gemstones/red-tigers-eye/how-to-cleanse,0,0,,0
P3,red-tigers-eye,can-go-in-water,/gemstones/red-tigers-eye/can-go-in-water,0,0,,0
P3,red-tigers-eye,sleeping-with,/gemstones/red-tigers-eye/sleeping-with,0,0,,0
P3,red-tigers-eye,how-to-identify,/gemstones/red-tigers-eye/how-to-identify,0,0,,0
P3,red-tigers-eye,price-guide,/gemstones/red-tigers-eye/price-guide,0,0,,0
P3,red-tigers-eye,combinations,/gemstones/red-tigers-eye/combinations,0,0,,0
P3,red-tigers-eye,affirmations,/gemstones/red-tigers-eye/affirmations,0,0,,0
P3,rhodonite,who-should-not-wear,/gemstones/rhodonite/who-should-not-wear,0,0,,0
P3,rhodonite,how-to-cleanse,/gemstones/rhodonite/how-to-cleanse,0,0,,0
P3,rhodonite,sleeping-with,/gemstones/rhodonite/sleeping-with,0,0,,0
P3,rhodonite,meaning,/gemstones/rhodonite/meaning,0,0,,0
P3,rhodonite,how-to-identify,/gemstones/rhodonite/how-to-identify,0,0,,0
P3,rhodonite,price-guide,/gemstones/rhodonite/price-guide,0,0,,0
P3,rhodonite,combinations,/gemstones/rhodonite/combinations,0,0,,0
P3,rhodonite,affirmations,/gemstones/rhodonite/affirmations,0,0,,0
P3,ruby,who-should-not-wear,/gemstones/ruby/who-should-not-wear,0,0,,0
P3,ruby,how-to-cleanse,/gemstones/ruby/how-to-cleanse,0,0,,0
P3,ruby,can-go-in-water,/gemstones/ruby/can-go-in-water,0,0,,0
P3,ruby,sleeping-with,/gemstones/ruby/sleeping-with,0,0,,0
P3,ruby,meaning,/gemstones/ruby/meaning,0,0,,0
P3,ruby,how-to-identify,/gemstones/ruby/how-to-identify,0,0,,0
P3,ruby,price-guide,/gemstones/ruby/price-guide,0,0,,0
P3,ruby,combinations,/gemstones/ruby/combinations,0,0,,0
P3,ruby,affirmations,/gemstones/ruby/affirmations,0,0,,0
P3,ruby-zoisite,who-should-not-wear,/gemstones/ruby-zoisite/who-should-not-wear,0,0,,0
P3,ruby-zoisite,how-to-cleanse,/gemstones/ruby-zoisite/how-to-cleanse,0,0,,0
P3,ruby-zoisite,can-go-in-water,/gemstones/ruby-zoisite/can-go-in-water,0,0,,0
P3,ruby-zoisite,sleeping-with,/gemstones/ruby-zoisite/sleeping-with,0,0,,0
P3,ruby-zoisite,how-to-identify,/gemstones/ruby-zoisite/how-to-identify,0,0,,0
P3,ruby-zoisite,price-guide,/gemstones/ruby-zoisite/price-guide,0,0,,0
P3,ruby-zoisite,combinations,/gemstones/ruby-zoisite/combinations,0,0,,0
P3,ruby-zoisite,affirmations,/gemstones/ruby-zoisite/affirmations,0,0,,0
P3,sapphire,who-should-not-wear,/gemstones/sapphire/who-should-not-wear,0,0,,0
P3,sapphire,how-to-cleanse,/gemstones/sapphire/how-to-cleanse,0,0,,0
P3,sapphire,can-go-in-water,/gemstones/sapphire/can-go-in-water,0,0,,0
P3,sapphire,sleeping-with,/gemstones/sapphire/sleeping-with,0,0,,0
P3,sapphire,meaning,/gemstones/sapphire/meaning,0,0,,0
P3,sapphire,how-to-identify,/gemstones/sapphire/how-to-identify,0,0,,0
P3,sapphire,price-guide,/gemstones/sapphire/price-guide,0,0,,0
P3,sapphire,combinations,/gemstones/sapphire/combinations,0,0,,0
P3,sapphire,affirmations,/gemstones/sapphire/affirmations,0,0,,0
P3,smoky-quartz,who-should-not-wear,/gemstones/smoky-quartz/who-should-not-wear,0,0,,0
P3,smoky-quartz,how-to-cleanse,/gemstones/smoky-quartz/how-to-cleanse,0,0,,0
P3,smoky-quartz,sleeping-with,/gemstones/smoky-quartz/sleeping-with,0,0,,0
P3,smoky-quartz,how-to-identify,/gemstones/smoky-quartz/how-to-identify,0,0,,0
P3,smoky-quartz,price-guide,/gemstones/smoky-quartz/price-guide,0,0,,0
P3,smoky-quartz,combinations,/gemstones/smoky-quartz/combinations,0,0,,0
P3,smoky-quartz,affirmations,/gemstones/smoky-quartz/affirmations,0,0,,0
P3,sodalite,who-should-not-wear,/gemstones/sodalite/who-should-not-wear,0,0,,0
P3,sodalite,how-to-cleanse,/gemstones/sodalite/how-to-cleanse,0,0,,0
P3,sodalite,sleeping-with,/gemstones/sodalite/sleeping-with,0,0,,0
P3,sodalite,meaning,/gemstones/sodalite/meaning,0,0,,0
P3,sodalite,how-to-identify,/gemstones/sodalite/how-to-identify,0,0,,0
P3,sodalite,price-guide,/gemstones/sodalite/price-guide,0,0,,0
P3,sodalite,combinations,/gemstones/sodalite/combinations,0,0,,0
P3,sodalite,affirmations,/gemstones/sodalite/affirmations,0,0,,0
P3,strawberry-quartz,who-should-not-wear,/gemstones/strawberry-quartz/who-should-not-wear,0,0,,0
P3,strawberry-quartz,how-to-cleanse,/gemstones/strawberry-quartz/how-to-cleanse,0,0,,0
P3,strawberry-quartz,sleeping-with,/gemstones/strawberry-quartz/sleeping-with,0,0,,0
P3,strawberry-quartz,how-to-identify,/gemstones/strawberry-quartz/how-to-identify,0,0,,0
P3,strawberry-quartz,price-guide,/gemstones/strawberry-quartz/price-guide,0,0,,0
P3,strawberry-quartz,combinations,/gemstones/strawberry-quartz/combinations,0,0,,0
P3,strawberry-quartz,affirmations,/gemstones/strawberry-quartz/affirmations,0,0,,0
P3,sunstone,who-should-not-wear,/gemstones/sunstone/who-should-not-wear,0,0,,0
P3,sunstone,how-to-cleanse,/gemstones/sunstone/how-to-cleanse,0,0,,0
P3,sunstone,sleeping-with,/gemstones/sunstone/sleeping-with,0,0,,0
P3,sunstone,how-to-identify,/gemstones/sunstone/how-to-identify,0,0,,0
P3,sunstone,price-guide,/gemstones/sunstone/price-guide,0,0,,0
P3,sunstone,combinations,/gemstones/sunstone/combinations,0,0,,0
P3,sunstone,affirmations,/gemstones/sunstone/affirmations,0,0,,0
P3,tree-agate,who-should-not-wear,/gemstones/tree-agate/who-should-not-wear,0,0,,0
P3,tree-agate,how-to-cleanse,/gemstones/tree-agate/how-to-cleanse,0,0,,0
P3,tree-agate,can-go-in-water,/gemstones/tree-agate/can-go-in-water,0,0,,0
P3,tree-agate,sleeping-with,/gemstones/tree-agate/sleeping-with,0,0,,0
P3,tree-agate,how-to-identify,/gemstones/tree-agate/how-to-identify,0,0,,0
P3,tree-agate,price-guide,/gemstones/tree-agate/price-guide,0,0,,0
P3,tree-agate,combinations,/gemstones/tree-agate/combinations,0,0,,0
P3,tree-agate,affirmations,/gemstones/tree-agate/affirmations,0,0,,0
P3,white-agate,who-should-not-wear,/gemstones/white-agate/who-should-not-wear,0,0,,0
P3,white-agate,how-to-cleanse,/gemstones/white-agate/how-to-cleanse,0,0,,0
P3,white-agate,can-go-in-water,/gemstones/white-agate/can-go-in-water,0,0,,0
P3,white-agate,sleeping-with,/gemstones/white-agate/sleeping-with,0,0,,0
P3,white-agate,how-to-identify,/gemstones/white-agate/how-to-identify,0,0,,0
P3,white-agate,price-guide,/gemstones/white-agate/price-guide,0,0,,0
P3,white-agate,combinations,/gemstones/white-agate/combinations,0,0,,0
P3,white-agate,affirmations,/gemstones/white-agate/affirmations,0,0,,0
P3,white-quartz,who-should-not-wear,/gemstones/white-quartz/who-should-not-wear,0,0,,0
P3,white-quartz,how-to-cleanse,/gemstones/white-quartz/how-to-cleanse,0,0,,0
P3,white-quartz,can-go-in-water,/gemstones/white-quartz/can-go-in-water,0,0,,0
P3,white-quartz,sleeping-with,/gemstones/white-quartz/sleeping-with,0,0,,0
P3,white-quartz,how-to-identify,/gemstones/white-quartz/how-to-identify,0,0,,0
P3,white-quartz,price-guide,/gemstones/white-quartz/price-guide,0,0,,0
P3,white-quartz,combinations,/gemstones/white-quartz/combinations,0,0,,0
P3,white-quartz,affirmations,/gemstones/white-quartz/affirmations,0,0,,0
